<?xml version="1.0" encoding="UTF-8"?>
<module codename="org.netbeans.modules.masterfs.solaris">
    <module_version install_time="1354701854517" last="true" origin="installer" specification_version="1.1.1">
        <file crc="124835977" name="config/Modules/org-netbeans-modules-masterfs-solaris.xml"/>
        <file crc="3045812812" name="modules/locale/org-netbeans-modules-masterfs-solaris_ja.jar"/>
        <file crc="2909894178" name="modules/locale/org-netbeans-modules-masterfs-solaris_pt_BR.jar"/>
        <file crc="3020671020" name="modules/locale/org-netbeans-modules-masterfs-solaris_ru.jar"/>
        <file crc="2708483255" name="modules/locale/org-netbeans-modules-masterfs-solaris_zh_CN.jar"/>
        <file crc="2012071936" name="modules/org-netbeans-modules-masterfs-solaris.jar"/>
    </module_version>
</module>
