<?xml version="1.0" encoding="UTF-8"?>
<module codename="org.openide.text">
    <module_version install_time="1354701861736" last="true" origin="installer" specification_version="6.49.1">
        <file crc="2441864466" name="config/ModuleAutoDeps/org-openide-text.xml"/>
        <file crc="1795978028" name="config/Modules/org-openide-text.xml"/>
        <file crc="149586288" name="modules/locale/org-openide-text_ja.jar"/>
        <file crc="1347684957" name="modules/locale/org-openide-text_pt_BR.jar"/>
        <file crc="1725190793" name="modules/locale/org-openide-text_ru.jar"/>
        <file crc="2151089516" name="modules/locale/org-openide-text_zh_CN.jar"/>
        <file crc="4231137952" name="modules/org-openide-text.jar"/>
    </module_version>
</module>
