<?xml version="1.0" encoding="UTF-8"?>
<module codename="org.netbeans.modules.applemenu/1">
    <module_version install_time="1354701852907" last="true" origin="installer" specification_version="1.24.1">
        <file crc="2121659589" name="config/Modules/org-netbeans-modules-applemenu.xml"/>
        <file crc="1929027266" name="modules/locale/org-netbeans-modules-applemenu_ja.jar"/>
        <file crc="711656569" name="modules/locale/org-netbeans-modules-applemenu_pt_BR.jar"/>
        <file crc="1044784513" name="modules/locale/org-netbeans-modules-applemenu_ru.jar"/>
        <file crc="2870714168" name="modules/locale/org-netbeans-modules-applemenu_zh_CN.jar"/>
        <file crc="1662633791" name="modules/org-netbeans-modules-applemenu.jar"/>
    </module_version>
</module>
