<?xml version="1.0" encoding="UTF-8"?>
<module codename="org.jreserve.jfreechart">
    <module_version install_time="1354701865673" last="true" origin="installer" specification_version="1.0">
        <file crc="430274410" name="config/Modules/org-jreserve-jfreechart.xml"/>
        <file crc="3858031784" name="modules/ext/bouncycastle/bcmail-jdk14-138.jar"/>
        <file crc="401457712" name="modules/ext/bouncycastle/bcprov-jdk14-138.jar"/>
        <file crc="97639625" name="modules/ext/com.lowagie/itext-2.1.5.jar"/>
        <file crc="3299800097" name="modules/ext/org.jfree/jcommon-1.0.17.jar"/>
        <file crc="3281100986" name="modules/ext/org.jfree/jfreechart-1.0.14.jar"/>
        <file crc="2669779638" name="modules/ext/xml-apis/xml-apis-1.3.04.jar"/>
        <file crc="2211528299" name="modules/org-jreserve-jfreechart.jar"/>
    </module_version>
</module>
