<?xml version="1.0" encoding="UTF-8"?>
<module codename="org.netbeans.api.search">
    <module_version install_time="1355777670474" last="true" origin="installer" specification_version="1.2.1">
        <file crc="3710953649" name="config/Modules/org-netbeans-api-search.xml"/>
        <file crc="1627309092" name="modules/locale/org-netbeans-api-search_ja.jar"/>
        <file crc="565810751" name="modules/locale/org-netbeans-api-search_pt_BR.jar"/>
        <file crc="1924955058" name="modules/locale/org-netbeans-api-search_ru.jar"/>
        <file crc="3370908460" name="modules/locale/org-netbeans-api-search_zh_CN.jar"/>
        <file crc="2554780937" name="modules/org-netbeans-api-search.jar"/>
    </module_version>
</module>
