<?xml version="1.0" encoding="UTF-8"?>
<module codename="org.netbeans.swing.tabcontrol">
    <module_version install_time="1357851256610" last="true" origin="installer" specification_version="1.36.1">
        <file crc="327432460" name="config/Modules/org-netbeans-swing-tabcontrol.xml"/>
        <file crc="1196138663" name="modules/locale/org-netbeans-swing-tabcontrol_ja.jar"/>
        <file crc="212546945" name="modules/locale/org-netbeans-swing-tabcontrol_pt_BR.jar"/>
        <file crc="3112627169" name="modules/locale/org-netbeans-swing-tabcontrol_ru.jar"/>
        <file crc="519457236" name="modules/locale/org-netbeans-swing-tabcontrol_zh_CN.jar"/>
        <file crc="1807580755" name="modules/org-netbeans-swing-tabcontrol.jar"/>
    </module_version>
</module>
