<?xml version="1.0" encoding="UTF-8"?>
<module codename="org.netbeans.modules.queries/1">
    <module_version install_time="1358842499469" last="true" origin="installer" specification_version="1.28.1">
        <file crc="28992633" name="config/ModuleAutoDeps/org-netbeans-modules-queries.xml"/>
        <file crc="4168841736" name="config/Modules/org-netbeans-modules-queries.xml"/>
        <file crc="4065036326" name="modules/locale/org-netbeans-modules-queries_ja.jar"/>
        <file crc="148811487" name="modules/locale/org-netbeans-modules-queries_pt_BR.jar"/>
        <file crc="3540523488" name="modules/locale/org-netbeans-modules-queries_ru.jar"/>
        <file crc="4162155684" name="modules/locale/org-netbeans-modules-queries_zh_CN.jar"/>
        <file crc="2843627287" name="modules/org-netbeans-modules-queries.jar"/>
    </module_version>
</module>
