<?xml version="1.0" encoding="UTF-8"?>
<module codename="org.netbeans.modules.core.kit">
    <module_version install_time="1357638291235" last="true" origin="installer" specification_version="1.16.1">
        <file crc="589184708" name="VERSION.txt"/>
        <file crc="2391224559" name="config/Modules/org-netbeans-modules-core-kit.xml"/>
        <file crc="1334552883" name="modules/locale/org-netbeans-modules-core-kit_ja.jar"/>
        <file crc="1266777870" name="modules/locale/org-netbeans-modules-core-kit_pt_BR.jar"/>
        <file crc="1961111563" name="modules/locale/org-netbeans-modules-core-kit_ru.jar"/>
        <file crc="3755737600" name="modules/locale/org-netbeans-modules-core-kit_zh_CN.jar"/>
        <file crc="3517584061" name="modules/org-netbeans-modules-core-kit.jar"/>
    </module_version>
</module>
