<?xml version="1.0" encoding="UTF-8"?>
<module codename="org.netbeans.libs.felix">
    <module_version install_time="1357894468523" last="true" origin="installer" specification_version="2.3.1">
        <file crc="1327048437" name="config/Modules/org-netbeans-libs-felix.xml"/>
        <file crc="2540636796" name="modules/ext/felix-4.0.2.jar"/>
        <file crc="1774065806" name="modules/locale/org-netbeans-libs-felix_ja.jar"/>
        <file crc="2751918197" name="modules/locale/org-netbeans-libs-felix_pt_BR.jar"/>
        <file crc="4179337299" name="modules/locale/org-netbeans-libs-felix_ru.jar"/>
        <file crc="1819704354" name="modules/locale/org-netbeans-libs-felix_zh_CN.jar"/>
        <file crc="768542507" name="modules/org-netbeans-libs-felix.jar"/>
    </module_version>
</module>
