<?xml version="1.0" encoding="UTF-8"?>
<module codename="org.netbeans.modules.masterfs.macosx">
    <module_version install_time="1355777676807" last="true" origin="installer" specification_version="1.1.1">
        <file crc="4284776310" name="config/Modules/org-netbeans-modules-masterfs-macosx.xml"/>
        <file crc="1204327473" name="modules/locale/org-netbeans-modules-masterfs-macosx_ja.jar"/>
        <file crc="3335707885" name="modules/locale/org-netbeans-modules-masterfs-macosx_pt_BR.jar"/>
        <file crc="3684493862" name="modules/locale/org-netbeans-modules-masterfs-macosx_ru.jar"/>
        <file crc="1449875333" name="modules/locale/org-netbeans-modules-masterfs-macosx_zh_CN.jar"/>
        <file crc="3809309062" name="modules/org-netbeans-modules-masterfs-macosx.jar"/>
    </module_version>
</module>
