<?xml version="1.0" encoding="UTF-8"?>
<module codename="org.netbeans.modules.favorites/1">
    <module_version install_time="1358842493986" last="true" origin="installer" specification_version="1.29.1">
        <file crc="1394443980" name="config/Modules/org-netbeans-modules-favorites.xml"/>
        <file crc="1213816427" name="modules/locale/org-netbeans-modules-favorites_ja.jar"/>
        <file crc="3737378048" name="modules/locale/org-netbeans-modules-favorites_pt_BR.jar"/>
        <file crc="3138686453" name="modules/locale/org-netbeans-modules-favorites_ru.jar"/>
        <file crc="212080347" name="modules/locale/org-netbeans-modules-favorites_zh_CN.jar"/>
        <file crc="2583467642" name="modules/org-netbeans-modules-favorites.jar"/>
    </module_version>
</module>
