<?xml version="1.0" encoding="UTF-8"?>
<module codename="org.netbeans.modules.options.keymap">
    <module_version install_time="1358842495689" last="true" origin="installer" specification_version="1.19.1">
        <file crc="2363851279" name="config/Modules/org-netbeans-modules-options-keymap.xml"/>
        <file crc="1459713358" name="modules/locale/org-netbeans-modules-options-keymap_ja.jar"/>
        <file crc="1415251306" name="modules/locale/org-netbeans-modules-options-keymap_pt_BR.jar"/>
        <file crc="1584690616" name="modules/locale/org-netbeans-modules-options-keymap_ru.jar"/>
        <file crc="2622182585" name="modules/locale/org-netbeans-modules-options-keymap_zh_CN.jar"/>
        <file crc="803796865" name="modules/org-netbeans-modules-options-keymap.jar"/>
    </module_version>
</module>
