<?xml version="1.0" encoding="UTF-8"?>
<module codename="org.netbeans.api.annotations.common/1">
    <module_version install_time="1358636703999" last="true" origin="installer" specification_version="1.14.1">
        <file crc="1285559856" name="config/Modules/org-netbeans-api-annotations-common.xml"/>
        <file crc="1316911913" name="modules/locale/org-netbeans-api-annotations-common_ja.jar"/>
        <file crc="388125930" name="modules/locale/org-netbeans-api-annotations-common_pt_BR.jar"/>
        <file crc="1023914157" name="modules/locale/org-netbeans-api-annotations-common_ru.jar"/>
        <file crc="697846850" name="modules/locale/org-netbeans-api-annotations-common_zh_CN.jar"/>
        <file crc="535934375" name="modules/org-netbeans-api-annotations-common.jar"/>
    </module_version>
</module>
