<?xml version="1.0" encoding="UTF-8"?>
<module codename="org.netbeans.modules.spi.actions/1">
    <module_version install_time="1357851254366" last="true" origin="installer" specification_version="1.15.1">
        <file crc="1336977091" name="config/Modules/org-netbeans-modules-spi-actions.xml"/>
        <file crc="3910788974" name="modules/locale/org-netbeans-modules-spi-actions_ja.jar"/>
        <file crc="67724956" name="modules/locale/org-netbeans-modules-spi-actions_pt_BR.jar"/>
        <file crc="1569287503" name="modules/locale/org-netbeans-modules-spi-actions_ru.jar"/>
        <file crc="927624949" name="modules/locale/org-netbeans-modules-spi-actions_zh_CN.jar"/>
        <file crc="1469041373" name="modules/org-netbeans-modules-spi-actions.jar"/>
    </module_version>
</module>
