<?xml version="1.0" encoding="UTF-8"?>
<module codename="org.netbeans.modules.sampler">
    <module_version install_time="1357894476663" last="true" origin="installer" specification_version="1.1.1">
        <file crc="3630527653" name="config/Modules/org-netbeans-modules-sampler.xml"/>
        <file crc="3592699694" name="modules/locale/org-netbeans-modules-sampler_ja.jar"/>
        <file crc="576632547" name="modules/locale/org-netbeans-modules-sampler_pt_BR.jar"/>
        <file crc="3836385860" name="modules/locale/org-netbeans-modules-sampler_ru.jar"/>
        <file crc="3757318365" name="modules/locale/org-netbeans-modules-sampler_zh_CN.jar"/>
        <file crc="3032031883" name="modules/org-netbeans-modules-sampler.jar"/>
    </module_version>
</module>
