<?xml version="1.0" encoding="UTF-8"?>
<module codename="org.openide.compat">
    <module_version install_time="1357638295764" last="true" origin="installer" specification_version="6.21.1">
        <file crc="1028000658" name="config/Modules/org-openide-compat.xml"/>
        <file crc="3017608209" name="modules/locale/org-openide-compat_ja.jar"/>
        <file crc="402505464" name="modules/locale/org-openide-compat_pt_BR.jar"/>
        <file crc="3556436949" name="modules/locale/org-openide-compat_ru.jar"/>
        <file crc="375088010" name="modules/locale/org-openide-compat_zh_CN.jar"/>
        <file crc="709863293" name="modules/org-openide-compat.jar"/>
    </module_version>
</module>
