<?xml version="1.0" encoding="UTF-8"?>
<module codename="org.netbeans.modules.editor.mimelookup/1">
    <module_version install_time="1355132964996" last="true" origin="installer" specification_version="1.26.1">
        <file crc="244035803" name="config/Modules/org-netbeans-modules-editor-mimelookup.xml"/>
        <file crc="2873426266" name="modules/locale/org-netbeans-modules-editor-mimelookup_ja.jar"/>
        <file crc="2626191189" name="modules/locale/org-netbeans-modules-editor-mimelookup_pt_BR.jar"/>
        <file crc="3786339467" name="modules/locale/org-netbeans-modules-editor-mimelookup_ru.jar"/>
        <file crc="1206923513" name="modules/locale/org-netbeans-modules-editor-mimelookup_zh_CN.jar"/>
        <file crc="2706166452" name="modules/org-netbeans-modules-editor-mimelookup.jar"/>
    </module_version>
</module>
