<?xml version="1.0" encoding="UTF-8"?>
<module codename="org.jdesktop.layout/1">
    <module_version install_time="1357894466179" last="true" origin="installer" specification_version="1.21.1">
        <file crc="2204093842" name="config/Modules/org-jdesktop-layout.xml"/>
        <file crc="2328006649" name="docs/swing-layout-1.0.4-doc.zip"/>
        <file crc="3929517584" name="docs/swing-layout-1.0.4-src.zip"/>
        <file crc="1523242904" name="modules/ext/swing-layout-1.0.4.jar"/>
        <file crc="3378457904" name="modules/locale/org-jdesktop-layout_ja.jar"/>
        <file crc="2004274180" name="modules/locale/org-jdesktop-layout_pt_BR.jar"/>
        <file crc="1025032217" name="modules/locale/org-jdesktop-layout_ru.jar"/>
        <file crc="900695250" name="modules/locale/org-jdesktop-layout_zh_CN.jar"/>
        <file crc="3108407308" name="modules/org-jdesktop-layout.jar"/>
    </module_version>
</module>
