<?xml version="1.0" encoding="UTF-8"?>
<module codename="org.openide.options">
    <module_version install_time="1357638297076" last="true" origin="installer" specification_version="6.23.1">
        <file crc="2763036759" name="config/Modules/org-openide-options.xml"/>
        <file crc="2295209166" name="modules/locale/org-openide-options_ja.jar"/>
        <file crc="1390218220" name="modules/locale/org-openide-options_pt_BR.jar"/>
        <file crc="3599616379" name="modules/locale/org-openide-options_ru.jar"/>
        <file crc="2653662724" name="modules/locale/org-openide-options_zh_CN.jar"/>
        <file crc="1016771550" name="modules/org-openide-options.jar"/>
    </module_version>
</module>
