<?xml version="1.0" encoding="UTF-8"?>
<module codename="org.netbeans.modules.print">
    <module_version install_time="1355132960700" last="true" origin="installer" specification_version="7.13.1">
        <file crc="4146358971" name="config/Modules/org-netbeans-modules-print.xml"/>
        <file crc="307112194" name="modules/locale/org-netbeans-modules-print_ja.jar"/>
        <file crc="4061713701" name="modules/locale/org-netbeans-modules-print_pt_BR.jar"/>
        <file crc="948977563" name="modules/locale/org-netbeans-modules-print_ru.jar"/>
        <file crc="1114166934" name="modules/locale/org-netbeans-modules-print_zh_CN.jar"/>
        <file crc="2107395597" name="modules/org-netbeans-modules-print.jar"/>
    </module_version>
</module>
