<?xml version="1.0" encoding="UTF-8"?>
<module codename="org.netbeans.core.execution/1">
    <module_version install_time="1357894466929" last="true" origin="installer" specification_version="1.28.1">
        <file crc="131205059" name="config/Modules/org-netbeans-core-execution.xml"/>
        <file crc="2462800494" name="modules/locale/org-netbeans-core-execution_ja.jar"/>
        <file crc="1612893849" name="modules/locale/org-netbeans-core-execution_pt_BR.jar"/>
        <file crc="2120859228" name="modules/locale/org-netbeans-core-execution_ru.jar"/>
        <file crc="706876575" name="modules/locale/org-netbeans-core-execution_zh_CN.jar"/>
        <file crc="2534125412" name="modules/org-netbeans-core-execution.jar"/>
    </module_version>
</module>
