<?xml version="1.0" encoding="UTF-8"?>
<module codename="org.netbeans.bootstrap/1">
    <module_version install_time="1358715254524" last="true" origin="installer" specification_version="2.52.1">
        <file crc="1986267431" name="lib/boot.jar"/>
        <file crc="1756204618" name="lib/locale/boot_ja.jar"/>
        <file crc="853240147" name="lib/locale/boot_pt_BR.jar"/>
        <file crc="3213262512" name="lib/locale/boot_ru.jar"/>
        <file crc="2590019346" name="lib/locale/boot_zh_CN.jar"/>
        <file crc="3496956297" name="lib/nbexec"/>
        <file crc="2456958452" name="lib/nbexec.dll"/>
        <file crc="3581242558" name="lib/nbexec.exe"/>
        <file crc="1697682851" name="lib/nbexec64.dll"/>
        <file crc="3672063725" name="lib/nbexec64.exe"/>
    </module_version>
</module>
