<?xml version="1.0" encoding="UTF-8"?>
<module codename="org.openide.actions">
    <module_version install_time="1358842499672" last="true" origin="installer" specification_version="6.26.1">
        <file crc="3556488737" name="config/Modules/org-openide-actions.xml"/>
        <file crc="91164467" name="modules/locale/org-openide-actions_ja.jar"/>
        <file crc="3494014584" name="modules/locale/org-openide-actions_pt_BR.jar"/>
        <file crc="4153804350" name="modules/locale/org-openide-actions_ru.jar"/>
        <file crc="3094809046" name="modules/locale/org-openide-actions_zh_CN.jar"/>
        <file crc="3007427183" name="modules/org-openide-actions.jar"/>
    </module_version>
</module>
