<?xml version="1.0" encoding="UTF-8"?>
<module codename="org.openide.dialogs">
    <module_version install_time="1355951247138" last="true" origin="installer" specification_version="7.25.1">
        <file crc="807629635" name="config/Modules/org-openide-dialogs.xml"/>
        <file crc="819013649" name="modules/locale/org-openide-dialogs_ja.jar"/>
        <file crc="1864671878" name="modules/locale/org-openide-dialogs_pt_BR.jar"/>
        <file crc="4007627637" name="modules/locale/org-openide-dialogs_ru.jar"/>
        <file crc="3721355466" name="modules/locale/org-openide-dialogs_zh_CN.jar"/>
        <file crc="2839778993" name="modules/org-openide-dialogs.jar"/>
    </module_version>
</module>
