<?xml version="1.0" encoding="UTF-8"?>
<module codename="org.openide.nodes">
    <module_version install_time="1357894474695" last="true" origin="installer" specification_version="7.28.1">
        <file crc="11361373" name="config/ModuleAutoDeps/org-openide-nodes.xml"/>
        <file crc="3092369940" name="config/Modules/org-openide-nodes.xml"/>
        <file crc="1927353741" name="modules/locale/org-openide-nodes_ja.jar"/>
        <file crc="2292980556" name="modules/locale/org-openide-nodes_pt_BR.jar"/>
        <file crc="1484204315" name="modules/locale/org-openide-nodes_ru.jar"/>
        <file crc="1120659352" name="modules/locale/org-openide-nodes_zh_CN.jar"/>
        <file crc="1157339411" name="modules/org-openide-nodes.jar"/>
    </module_version>
</module>
